id;duration;y
01ad4e49-815b-4532-b4c8-5260d8875ebb;197;no
261dd3d0-8370-4ea6-8063-9156e06344b0;131;no
43cec561-a6e2-4373-8ef3-9b756c0fffaf;142;no
9aafcbf4-b0f2-4076-8e4a-5f5dda6f7b99;143;no
fee20bee-7c91-4f57-abe8-9b574250cb40;164;no
458794e2-0762-457d-b733-f9868d698b82;278;no
d533b01f-c006-441e-89ad-57752306c889;161;no
cf262407-17f9-4bc2-816b-2cf62c819f5b;5;no
d969327e-287c-46dd-8b42-03377a751115;9;no
ed81b664-6c1d-4449-84b4-eff07875dcd2;10;no
9dbf0c07-b16a-498c-961e-4c94bec55f49;311;yes
43c9846c-a757-4373-b404-89b1bc422575;486;yes
fe915308-daba-42df-8e5e-88fb5aefdfff;649;yes
11c83be2-f943-4455-a8d4-5e170d08eef6;808;yes
0c21c998-b9bd-4f05-a062-589a0b97a958;608;yes
16ccbf06-146f-45e4-ac4e-cbdf2f1e9bd9;261;no
210ca156-9dae-41be-a4c8-34d3088caaf9;275;yes
77cb8c84-0152-4d52-9fb8-beb2a518fce9;48;no
2fa4367d-25dd-445d-a4f5-568495ea8ed0;391;yes
df7120c6-45bc-47eb-b2d8-ee0af1a86a47;229;yes
40497760-3667-48a7-9d65-86f7f672c150;541;no
042c3154-a5b8-48f2-9379-6c22df55ef05;218;yes
f3e643af-69f4-4e57-82ae-49043858417f;691;no
e20e4cf2-ed17-4b21-95a8-dd0ae9b8fe5d;1020;no
bba82fb1-229f-4691-b78c-e0baf4bdb0f9;1246;yes
868dbd00-c481-452c-9f7b-076a0d2fb26a;604;no
0d222087-4e3c-4e92-9cf2-9deb6d40e993;197;no
4c45f883-22ce-40a0-b52c-70e32f476e0b;138;no
5c9f7108-823a-4a8a-8352-a3d45ece0181;236;yes
6563ce1b-6d3c-4503-8af5-7306c6163fd6;116;no
dd6ef8fb-d9d4-4a6f-9462-20a159c5867f;122;no
e9a53414-2dae-4824-ab5c-ebc473a4a80c;118;no
f1652286-bc66-4d82-bae8-9c97650aeb0c;73;no
15e5b0a6-cfe4-4bb1-a4c4-2233e88031c8;194;yes
591b298f-662b-4e19-bfd2-5231e48bbaaa;146;no
acc383d1-c092-4f50-b379-b9c0bbe29e26;319;yes
ec2ec3cb-4a38-4f10-9450-69c4b8c943fe;437;yes
a9843a08-aaf9-4744-a9dc-a1bc6f05695a;512;no
78578bf4-b286-4420-9311-ce9c5536c6fc;282;no
de070aa1-6ffa-45e3-9b8b-40b68e4ccd6e;272;no
1ec19dc7-2c9d-4d6a-bd0b-12be0e28f71b;309;no
1dbc58e8-3f4f-45cf-9393-d5c251e7c26a;375;no
dcaaedca-8264-4174-95cb-035839d349e0;251;yes
7e25a38e-6ad2-4b4a-9818-a6873e58c33f;135;no
f12eb19f-5588-4cf5-83ec-f48fb9fce4ba;369;yes
5a824f7e-5108-49f5-9059-50b632f88ae4;363;yes
fdacee60-3312-47f5-9f07-e39058098730;133;no
c94eb24b-c5ce-4d8f-b792-dd673c883838;401;yes
7b34a255-c234-474f-8986-c0c7c30ac79f;317;no
edc7ea3c-5c06-4634-a45f-c3f3a5f3ef83;162;no
fdce2757-babe-49ea-91b2-d440c7455a29;291;no
83c8dc63-2936-4526-b1d5-373a147e9b70;450;yes
921c872a-5f6c-4a31-982a-fcfbe152ae1b;195;no
90f9259f-5e7b-490e-b821-b687b673654a;278;yes
49509eca-a143-4562-9e9b-f5adaf5fa9fc;123;no
c4f89a39-efe6-453f-9283-2c6c023b968f;110;no
d97ee11d-78eb-41ce-8a55-a80edaafebf9;252;yes
1adc517b-01be-40fe-a3cf-e183a3e77fc2;165;yes
03931ae3-72ae-4e08-956e-e58c51999ed0;485;no
515e80b7-1a5b-473a-ad00-3a67f848a6eb;160;no
e9980583-6875-4cf8-b684-e1f9e90315cc;251;no
77a94619-2502-4993-b653-05b07ef25921;79;no
2fe8b59b-4fb3-490b-97d9-d3f48811b263;4;no
2213e815-3370-47c9-88dd-5dcdd7baa9a1;34;no
63b32e6e-535d-49c8-a7d7-6f129c03a25e;383;yes
e72c6d96-9dff-4aaf-83e7-04c84d3d37ac;185;no
d3b14143-afac-4290-a6f5-8f441ff4d4ec;146;no
c7698bff-5e83-400a-afae-816dbd2dbd3c;137;no
eab8d8df-d67d-445b-b816-08f443577bc4;4;no
4c758537-c999-4d94-ab68-a1bee57e407e;54;no
faa74a4e-6cda-4d1e-bf2a-46933a03d5bc;114;no
ada37474-4a4d-4cda-91f9-d277c03467b4;203;yes
6a379910-29e1-4869-a833-99b3b23086dc;362;yes
089d5fed-6a99-4cb1-9800-ae7c16badef5;187;yes
eed10566-c564-41a7-a1bf-095e6de0388f;166;no
ad7f8f47-6b05-4102-9cdd-f7352a939b73;242;no
cdd4a413-1efc-495d-9d05-ae20bb77ae90;253;yes
37264ddc-fd65-46cf-8fc1-67877720a664;323;yes
9ec5fffb-59e2-4249-92dc-f51a9d593016;143;no
07621902-d331-4951-a3a9-3f74c8006abb;250;no
a7e3f9fb-48ef-4d47-8ba1-1cd4c6b6d1b2;146;no
9fb94c37-1f4a-4a81-8707-aaac105dd676;209;yes
7fad2858-a8f9-4259-b4e4-d60f855347f7;130;no
a4788b12-16c1-42ed-87a0-2721b2a57ff8;5;no
ec5e1b88-53d7-4c38-91b9-61d955421009;169;yes
b2587c4f-4c71-48d9-a0ca-74c10c406c46;216;yes
f8fb6483-0c90-4885-bb4b-00cba89a187a;190;yes
60405b48-82bf-4e57-bfa7-415adbca5c3b;194;yes
155e81f2-e224-459e-bad9-04a88f2c0ee3;6;no
5b32033a-42b7-4abb-9ec1-e5a76069593d;252;yes
7be8ca52-ccd1-49eb-bb44-7b7734b2f059;357;no
ca691eb7-1e22-4cc4-9c09-bdc749e7483f;133;no
3bfcc6a1-c81d-40b0-b461-f85d4b13a34b;119;no
64ff4be9-173d-42e3-a3db-b9de891b958c;99;no
ff1930c2-d891-4476-a754-ed45a6414865;192;no
419a7f40-9d24-4643-a3d7-df3d8bdb1f3b;585;yes
5afb1203-1246-4cfb-9dcb-1274bbb5b1be;326;yes
f14c82bd-e170-4a7e-9708-b6b111478315;235;no
cba9cc58-97e9-4c0c-bc25-f7bf8caada89;491;yes
e2e4764b-7fb7-47a9-b93b-6708d1bcef63;246;yes
2698ad46-6438-4810-b444-b692394dfff8;317;no
1d48f143-2d85-4e38-88b1-6675a7851315;301;yes
f58444d5-ac13-45e2-9f5f-9f0056532b20;174;no
eead53d3-061b-455f-b7ad-78a32af08d6f;322;no
354c2682-9351-4a47-8ce4-598fab59df1b;509;yes
9321264f-798b-4406-8db9-1e9a173c43ce;219;no
86481f38-66a4-415d-b1a8-3fb96c0beb27;786;no
294d1d21-b678-4399-a869-1c86cf6ed288;72;no
a92245b8-19df-408f-a5d1-42ab0cf6c86c;181;no
ce3fa928-4f70-4475-8470-03ba6d8142c8;158;no
01d9591a-95bc-4b0c-b1fc-9615bbdcb4c6;212;no
894e6c23-5dee-4194-951a-a714e1f41d71;6;no
080337e2-55ab-415d-9812-71b617d71138;187;yes
33725c59-05cf-4323-8b38-030fac9f5aab;106;no
51788f90-c61c-403e-9734-46919b9aa600;1176;yes
63d687f2-3f8d-49ba-a043-5291e786001d;130;no
38c0ac78-e46c-4806-afa2-98d11a738629;209;no
326cb6a8-6f80-4d3e-9971-47c3516c2b76;567;yes
5ffd8bb4-4ea3-499a-903b-77c6fdde93f8;333;no
d10f3111-eb23-47e5-b579-fbb5486910bd;310;yes
0dcbe04e-c503-48aa-b08e-86b75cf2633b;464;yes
f0b61b5c-78cb-4703-be1f-69aa494f2286;509;yes
114755bb-edd0-42f6-ba8a-b19e21144ac6;252;yes
007887d7-cacc-4d8e-acaf-9d4385bbcba9;170;no
3c7abdf4-307e-4338-810a-5ba623c59099;526;yes
d6554e6e-1ae5-4ed4-ad6d-9e8f9798067b;222;yes
a7a5db53-cf66-4c51-ab92-3344c5a5e7d7;180;no
9d2d74fd-ed2f-46c7-a741-c9be43064a43;102;no
060d2312-2097-424e-b978-1987085ae56d;95;no
ec7cc8c1-efd6-4001-9b4e-ed81ce7c4312;767;yes
6c8dd1b6-984b-4bec-804f-4e475ded60b2;138;no
943227f2-fc85-47c3-9aac-da6349053e5a;338;no
6738deeb-225f-42fb-96d3-685e12a42fda;159;no
8d9657bb-e8dd-4c74-b6ca-c6a8ef915de9;133;no
bddae6b5-2f86-4241-bbe7-9416e1161a3d;192;yes
73936326-9bd4-49bc-a0ee-d5564e93d77b;218;no
75d8862f-5bae-4857-b6c2-ef6f1b7704ef;337;yes
d7796f6f-0c4f-4a0d-9c93-4ea30407c8fb;898;yes
5410dda7-c0d7-40c7-9133-6cac3e6acfaf;178;yes
47cebae1-2e78-470b-9d7a-9383d30a840e;268;no
6a5c06f6-aec4-45cd-a97f-f4dc91c18e2b;621;yes
bb903d97-16b7-4c1e-8a28-792983ef7dcb;7;no
2264ae3d-7c87-4a13-9fcb-89a9a833b291;5;no
469d294f-9768-4cfe-8dac-4fa0ade93135;238;no
cdf44701-a7e9-49b5-ad32-5be515ff220c;487;yes
585eb842-afc1-4f8e-8305-f1ad8327df6a;139;no
2910de7d-bda8-498d-a61c-d995d801fa09;316;no
c09652b7-1977-40b0-830f-91e889945ec8;150;yes
0ddeee23-d6e2-42cf-a6c1-bb5e2b233a67;411;yes
c90eb2e2-f358-4fdd-8df6-9d9c8b595fda;235;no
c8d4b45c-06df-441f-882e-9bd1157e0f3c;453;yes
6595b9db-0e66-430b-9639-ecee7522e586;178;yes
939c6dd0-d219-4b21-a3d7-39fa3088d494;262;no
832cbaf8-e50e-4ae0-b04b-86aae3793db7;1032;yes
9a222064-7c61-4952-a0fe-949f789428e3;759;yes
9c4fd63e-4009-4453-8807-1a6e764639d6;549;yes
70934963-c146-4b78-a4b3-42de1a1315f5;201;no
243bd9e8-572c-4991-8891-67a3420dfc3c;330;yes
08988f2b-e694-47b6-8eb1-073453823e59;212;yes
b3571b0c-2091-4a07-bd79-7d441f6012ec;256;no
c035bd74-6f7b-4f15-ab3f-b2ee7afcfd31;339;yes
df305c21-9657-49d3-aa70-31c05dfa3803;738;yes
0fc9e09a-17b5-4b80-902b-02d5f70b36ce;394;yes
2fc9ce15-2494-49ee-addf-5eba6d272823;716;yes
083b6140-e13e-4679-85c9-01a2c664f26a;234;yes
e703b0b7-8c18-441d-97a8-925cc472ca65;168;no
630bb96f-d495-45db-8630-38921b8da154;380;yes
78b753e3-58e0-4ea5-852d-9d0036bef196;84;no
22081880-2cde-4a20-a935-f43d88d50e41;142;no
354540bd-84f4-4d04-ab9d-b86d8477e284;554;yes
250d7724-f2cd-4a74-8944-8ee4ac2b4b90;344;yes
1a708350-5e14-479f-af4c-4f259bcfe539;608;yes
832a5138-884d-438c-9dc3-7ed2628dfc2c;92;no
4c64a404-d55f-46a0-9017-4db98098e6fa;83;no
768d7561-3a61-4396-870d-3255a1db81e3;225;yes
16fff5c0-97b6-4d0c-a66a-68aed3506615;189;no
9f8f2396-2621-4511-98be-65079a42202b;304;yes
32d75b46-2557-4230-9c7c-23d1acee299b;400;yes
632a6ea2-2021-4757-9bd5-d41bbf31fcc9;182;yes
46dd3eaf-1beb-4deb-8ae3-59c49b451466;253;yes
965379cf-c733-4f11-977d-6b08a70e7b17;254;no
435e4120-a6e2-4dab-8e0a-321ac94bce6c;324;no
f1170221-c84e-4672-8763-523d165675b2;226;yes
1142a1a6-7b7f-44fc-b63e-7fc4f60ab74d;297;yes
8a6cc9cd-4bc2-43b2-8ab9-b32fe6a22599;215;yes
80408531-8123-4b4f-bf04-8f2765051346;129;no
4d7241de-d65e-4318-ad15-8228f7deb82c;211;yes
9d4f89fb-719f-41db-b6a6-98050aeeac30;293;no
c5c97933-97de-4ef9-be56-d251929dd568;318;yes
ea752b93-37cb-4adc-abd7-974d7c0b2ad2;196;no
e64fb823-3270-4233-8a99-863b60944f94;604;yes
1da433bd-b184-4b31-a530-98aa004f0762;238;yes
85d6b7b8-821f-4414-a902-6270f5abbdc1;17;no
f6bf9b84-5e27-4689-ad32-b877ee698852;701;yes
c88dd8cf-b619-4765-a039-1e67065feb79;711;yes
be31f767-4403-4db7-9486-480c53be02cb;223;no
24ad37e0-5683-4f8e-a315-47ba0485cf3d;882;yes
b1c6dab6-1e96-4a70-b891-29b72225deca;409;no
b4a284e0-8fe6-43d7-b3f4-1401ea170058;508;yes
4b2280ef-053e-4da7-813f-38c92ab814d1;184;yes
90928672-69e6-452f-bbe4-c7f76059eae3;170;no
bbf6343f-52ad-4420-8138-4a7ba923ffb4;255;yes
3c9d5ba2-3ffd-4fc1-bc7f-f4ff39eb1b74;258;yes
01694ce7-3ebe-4586-8cda-3a2aacaba5ee;71;no
cbbf8990-c67b-4288-999c-c9d01defe17f;18;no
efb38f09-4ea0-454f-946a-2def914ab6f5;188;yes
021d6f54-bb4c-4d86-9efb-5044f4b8211f;176;no
2f694136-5c01-49dd-a28f-a4e9eb67c7e1;159;yes
fd5ffd63-b740-4748-92d7-fb3ef7dac0f8;240;no
cc8e34cd-4c83-478f-9336-53aca1bd1025;360;yes
b5cba9fd-58d6-4a4c-84cd-67f053833d71;119;no
ca76fec1-b1d0-42ad-a521-12a61f677469;230;no
2167e669-6ceb-4723-bbb8-885d9501d0bf;207;no
8f2d3ce1-6e79-4e8f-acfc-14a279504744;120;no
3276c564-8bfb-44a5-b742-75d48b0d489c;137;no
870b9140-ae20-490a-82f1-9f9b43847d01;507;no
b60c93e3-3718-482e-9e94-bb6db3ede44d;106;no
abc86039-570a-4201-814e-a039004d047b;148;no
fd1cb709-fb31-4e35-88c4-b1ade57e7dc2;212;no
41a10d68-dd0f-425e-a4f4-3eec7e2e1384;141;no
7e7db8b5-bebd-49cb-bf22-0f8ca9bc3e63;742;yes
23aa214c-e277-4347-9d0e-79e450f19f55;449;yes
d394a841-3a1c-4734-b821-1848f4f8960a;282;yes
88e633d5-9080-4c0a-b37b-c8de10f48023;354;no
ad9a1f9a-6bf2-4467-91f9-175c7dccf695;326;no
7395e06f-a20b-4cc0-b62b-994b4d71fec4;283;no
2c11cfee-8d43-4c5b-a002-47270a3b4789;301;no
28379913-190f-469c-a640-d6bd38fac08a;467;yes
8ec065d3-118a-45df-af6c-4fcd85e8c8af;600;no
682ed2a9-3543-4234-ad3f-c519f81d3129;334;yes
7b5f3bba-9dcb-4c89-8f62-015dc67d514f;137;no
a654bb54-3805-4dd8-9bdb-d9e3c3c51b48;111;no
45885556-006b-4500-a99a-787f1c1df49a;394;yes
ee4eb259-2593-4ad7-8532-7972c275f2b8;301;yes
4607abfc-bea3-456f-80cd-133e242caa1c;212;no
b63b359b-4207-4566-92aa-dcfba1b77122;228;no
ce238ceb-33be-4706-a2e5-c27c58e59181;404;yes
7b8feda3-77ce-457f-9135-5a07d2a0fa27;164;no
4828b0fe-3eda-44eb-a3e3-33e36616bc37;182;no
bcc18a92-3588-4e22-910d-eb2aa7bd4443;98;no
f6073cd4-d630-4e88-b5b0-2ef6bdebdccb;223;no
27f0a02c-2e35-4c44-89db-84a284fe42a1;134;no
38ff2d38-7683-411f-afc3-9617d1d611b3;289;yes
531b1efd-ffe2-4abf-94da-d16b7dc4f370;357;yes
b1534825-b0dc-4f8c-8fab-81b18a175656;482;yes
55668c15-2d9f-4f9f-8fa6-55483907d288;413;yes
9d871cb1-bef6-43c9-a9ba-fbf051c15059;319;no
cb97b4dc-70a7-4627-bb3a-d4bad117cb36;414;no
7a4aff20-394a-4367-b929-33dd1d163515;199;no
1cc1dc22-aac4-49b3-9e7d-8bc09d2cfed7;191;no
2f62bacd-6989-45e0-8023-6f33f801208d;74;no
2a01bdad-2f04-4e33-8852-fc8733a4ec48;128;no
5ea5c163-93ac-4dce-8e5d-7601dbe99bf1;78;no
cfb29e0f-0a4b-4552-8356-879b873eee35;138;no
6b2cf4e5-c74b-4eb9-9987-ceec0d82ccdf;200;yes
cc5df4cf-d0d3-4620-83a3-d0a9013c40a0;173;no
951af5b3-04a6-4962-a0f3-9521ef6df1ca;173;no
72640e88-720f-4da8-8140-7f352553a1b1;206;yes
031a54f9-81ee-4629-8074-0026e2e119c6;787;yes
9e215922-b5f0-4e2e-85cc-e41c467b3b10;262;yes
a8867971-3779-4756-8b01-0adc6d639d35;238;yes
5bb4f2e3-3a1f-49ae-83c9-8ad0b4fc1d72;449;yes
3eb640da-a680-4372-9da7-a6978a17eb1c;162;no
b59fa509-4af0-4fb0-b563-2280c77d294f;330;yes
9b936e68-57f5-49cd-8d5a-84b5a28b2421;333;no
b3b1082b-d91e-4fcc-b7fc-5689416c394b;1166;no
cdecd391-011d-4b33-acfe-5bdab02bcb4b;985;yes
dbaa3b43-f408-46bc-b603-605584508e77;1556;yes
97e67d88-ebd1-4a94-9c76-3c6aed7a3c6e;226;yes
6d0ce1ea-f104-4827-8890-50a225d0fcb1;224;yes
437faa50-ecb7-4a86-acc0-57f415533873;300;yes
d34c2c62-0deb-4f59-a780-cc6ae0c9891d;386;yes
0c62bd01-39cc-406e-98cb-b3764e49fb49;456;yes
fddfab78-0947-4163-b488-841b770e75b9;508;no
ad1a67e9-5089-4f50-8f21-099e1467be92;260;yes
a825546d-548a-4095-826a-9ce6b54ab712;193;no
ac73250d-2c4e-48a8-90b2-a882d8590a73;597;yes
1ecdd69f-fcde-4208-9b68-67c492def2ab;97;no
20f310f8-1713-4ff8-9cd5-38ca485084e9;244;yes
50f21102-9bbf-4ada-9606-1f9bba031962;222;no
c6c1eb7a-858b-43ff-9fe9-5fb4f3222a67;200;no
7e4aa394-8a59-4db6-b191-38d12b97b618;419;no
3d335c38-6592-408a-9ba2-065d3bf11988;344;yes
bc16c382-72b8-4c4f-bada-20200ba89be4;202;no
1e084159-5c26-48ef-adf9-77e131018d29;237;yes
0aade194-c228-4a9f-b5c1-6499747a5725;315;yes
fa1acb84-239c-4b20-966e-4d920687da9a;741;yes
1de5ed87-8d5e-4a07-9edc-cdda17407b16;127;no
9e570348-4e44-4160-b17b-02c6ad9327ec;92;no
97a7697d-ea0a-491d-ba8b-c337e0e6de08;528;yes
e21c4985-b1cc-4894-bcc7-f99f15eb00fe;252;yes
d70a3e87-25dd-407c-bd7c-763846f7a4cd;712;yes
e2a5d57e-5ca8-4e98-9788-636591e49549;397;yes
44e4d999-a2a1-4623-b597-ee2c8665646b;324;no
2ba98fc5-3623-4794-8dc3-c823d89634ae;371;no
2e89bd4c-fcd3-471f-97bc-a4e9e658480a;526;yes
c5cf5b8a-6792-494e-9028-93312ccbfddc;112;no
0499c3ee-b082-443d-8482-396033e8fe23;655;yes
2307e0f1-aa28-4a74-bfd7-34233faeeb4c;185;no
fa71f124-8569-4526-8d25-cb8ab1d1f49a;152;no
c5f1240d-d1ce-4d64-b20b-c351c9b40e79;545;yes
508128cc-61ca-41a8-a536-6d86cc0f06fa;159;no
71d64ce0-b1e2-473b-a619-9b6ebd31b6fe;363;yes
7c2dc7dc-ddea-4cdd-8474-72f8edf9320c;514;yes
8cf49fb2-b760-479a-a187-c404dc40fb1f;843;yes
8391d419-ed40-4619-8583-77ddf474694a;510;no
2ae691fe-0793-466d-b6d8-303390f9a4b8;347;no
5b476058-15b7-48e4-a922-c18a82c42c31;385;yes
8bac8093-abd1-4d18-b9b5-7156e552f627;1868;yes
89fba7c8-8c84-4e8e-a6c5-8cb1c1dceae2;403;yes
a7aa640e-c910-4f9a-831e-9ebc5ade6165;651;yes
c3d22c42-b969-4e01-84e4-8cb22a159904;236;no
6cf41ad8-d8da-405f-b3e7-83a1a8713709;144;no
1934a828-3f35-4208-b6fe-c41b6b041443;154;no
9a3f67f1-73a8-4a94-9816-8fae8029b197;293;no
e1ba3e12-5b67-4756-a10a-d2b4b266d066;112;yes
0951a256-d1bf-4ea6-8fee-ede6b2ae669b;353;yes
98961962-6752-4771-96f3-7f6ae4bb045c;329;yes
6433fcd5-65f2-49b7-a139-be880b56d037;208;yes
cfd3cdc4-0a96-4034-9137-5c681e2572a4;180;no
f8b57f2a-fa2c-4fda-8d0e-d1d1c53eeea1;360;no
c805f68e-2e7a-475d-a898-fdf235d3b135;124;no
34cc9ec3-e191-43d9-af8d-d6b1ea4702ba;483;yes
0ceef8de-2e30-4af5-92a6-40b30bdee249;151;no
535f9cfa-df66-4e00-aba5-2f110b91ec7f;254;no
eda26539-d26e-4cac-b474-e72dd7df2fed;281;yes
b2f20c2c-9e7d-4e02-8d8d-3703df437af6;112;no
e6544a6f-211e-4356-a039-413ef5230c1a;334;yes
8f7701a1-4f6f-43c4-8c86-a7ebef0692f6;383;no
31d31695-1fdb-4fc8-bd98-d6ab18bfe11e;189;no
a091bee5-d48b-49cb-8846-271e51cbb529;442;yes
a387a120-0bfd-456e-9d0b-1941b0fb5588;239;no
433be135-270c-4cbb-8bf0-c224242d8632;428;no
fd316e3d-1b15-45ca-9686-1c9fe94179ec;132;no
52810b6f-7b2d-4f80-9491-28e0f48bc277;159;no
a2b89224-b520-49b8-bbda-9b04467da889;87;no
fa334a4e-bb71-40f1-aeb4-edc8a1cebf76;397;no
e1696a49-9761-4d3c-a893-7b563fabf8dc;1013;no
4e935128-0efd-46ea-9298-e8f41853acea;300;no
c2007191-6895-4d15-8a3b-1ce48fb52104;155;no
2813683d-045a-41f3-8684-2611cb2e01fb;196;yes
1518c1b1-26ce-405c-8fcf-216900fc1dfb;868;yes
690de140-2366-4654-b86f-e44de9032c33;25;no
c81b64b0-a776-4d3d-8e56-2a7dc6cd1f3b;90;no
758be32e-26f9-4557-a7ba-12bfa4986659;100;no
e35aca91-4536-4793-ac88-39eb320b5145;245;no
4312e323-2407-4f6f-bbc1-48d4c55d3212;209;no
9bfa74b7-f1ae-48d9-b66c-9b9af8cd89df;317;yes
95490230-1f7c-47b3-bf91-c63134dd1233;341;yes
4b4e9850-f302-4306-afbe-8d5cab24b422;486;no
bb1b827e-f6a1-465e-a6e2-79261be2740e;135;no
182c3d7d-75b7-4831-8e18-8f4d29f28bd5;308;no
df7602db-f14b-4bd1-ad4e-7fa3a2c795a5;109;no
34ad786b-c8f1-469e-a6a5-d46e2fbf2da3;141;no
b1d0d340-170c-4d6f-bcfc-09b0ef546b74;428;yes
8addd3c5-9fa3-4aae-bdf3-93bcb691c9a9;226;no
92753e6e-b18d-49ad-bc55-6c0e08fc4263;258;no
f87e770b-59d3-4cbb-be2b-24d20a97c448;249;yes
cd7ce250-f8a1-4c62-b617-7e071794e070;224;no
7a4ea6b0-a1e9-4750-8b5c-44e1ff7b1f76;482;yes
bcb31ded-fc2a-4674-aeda-656f9fd9f253;481;yes
37444b74-594d-4a88-b270-5e32ec4c363d;187;yes
6d4edc12-c4fd-4323-ad51-0f84a25a3497;261;yes
375c9c15-0c40-45cf-8dd6-ed4c5a545e31;279;yes
8d8301e9-c270-4d28-9952-06bc0b87cf0c;113;yes
626dba17-e869-4279-a857-cf659bf59756;326;no
dbac3c2c-85f0-4245-aee8-c23294adfe93;172;no
7c23471e-a38d-4323-8bab-21acf3bd778d;654;yes
e1503e5e-d178-40c0-ae4a-6cc7bfea3cd0;676;yes
e59d8252-bd76-490b-8c18-4b857421cb24;592;yes
c18d8210-b6fc-41d7-84ca-26f6a6f188bf;263;yes
468000fa-3ce5-48a6-a708-7a3473e0cfbc;771;yes
1a6a6ce1-41a7-46f8-a136-f333a200ebad;288;yes
a7dc2377-f844-4000-863a-5b1cc34e59cb;453;no
53a372e3-87d0-419e-8294-9e482580f1bb;182;yes
3eb7a66a-c51d-48b2-8d51-cb0923bb95cc;560;yes
d71dcc96-1b97-4944-a4a2-ef5673bd1165;651;yes
2cb5330c-9eba-4676-a50e-38cecb417a2b;178;yes
00631ce4-0dd9-4f2d-80e4-659bd63d2343;250;yes
47eab7ad-ce26-492d-80e0-2c56fdd2c1f2;288;yes
0cd2a736-8da6-4a8c-98c5-afc28cb4a1e7;180;yes
648e0a7e-0645-4d3c-b87b-ba2fa371c5df;156;no
67e467d8-909d-4759-b68b-95256d20ef1a;198;yes
b0ca4b50-c2cc-4f66-abf9-a23ba1780428;139;yes
77c5f399-732c-4a8f-a0aa-5be0b6d95ad9;199;no
e9cdd985-be3c-4bad-8b56-7581bd31b23b;253;yes
66db39af-3fcd-4c21-9de9-060247720f45;261;no
37772e3f-8501-4149-bc6c-431cfeeb3b18;296;yes
90c3539e-e690-41d1-b763-f046df277645;153;no
48b6cdfb-164e-4766-8f21-7adab8b24174;250;yes
c6476167-717b-4236-bd16-e50f4b7962cc;111;no
172b6bf8-1d6d-4dff-b4f8-0c2c7c6b6465;561;yes
45530389-9a45-42e6-9ac5-8432d4b72ca0;118;yes
e7557167-7ca2-467a-b8b1-c79a3679a660;470;yes
4acb142c-452b-4bff-9d91-48ad00bdb7db;191;yes
afdedf95-cfd4-4547-a66b-79573a26b4a9;297;no
d09c4496-0567-4fb1-a767-52fe6f864722;153;yes
82624454-e750-468d-acc3-346d77a718b1;293;yes
3190f531-6cde-4d7c-8d71-28a7e1fc2dac;510;no
20bda9d9-5fb5-421e-8170-951f88c9f8e1;231;yes
3a03ae79-9a38-474a-b015-87359ff5f6c5;329;no
6924ed5b-86ef-4b71-8334-f8f35884d6db;508;yes
33d02b3f-9914-4b08-bbe2-545226a8cd2c;382;no
3c771438-89af-477b-9e85-70ebe0387212;203;yes
ac7ab408-4237-4cf9-bac5-81057e95a968;544;yes
a479a068-d541-478c-9d92-ee7eb1f7fbe1;224;no
79e0f804-8eca-4a6c-b9dc-9c5291fde577;272;yes
5deb972d-114e-4550-a6b7-6b4cf7d76ea4;172;yes
3fe9244a-80f5-4d07-aa74-199725bc7ee0;492;no
a04a7784-b103-48a2-a862-388a084d24c9;250;no
83d65843-8d07-4017-b8f7-f839b1646f9f;374;yes
2c305c24-3e76-493a-9dbf-8f809c406592;306;yes
893846fe-466c-4271-867a-972e80de81aa;318;yes
a4c9fd47-bb3b-4704-bb16-88608e07b6ae;375;yes
2835d4cf-7e08-4358-9490-fe32c10ddeae;324;yes
83f61b23-af33-4e65-8a06-71e0e7aac914;200;no
f7a85ad4-5ae8-4ea4-b471-9d5572f0690f;736;yes
498f82f9-59fa-41c1-9e43-34ff4d3ce956;134;no
f85cb7bd-9048-4b52-b3fc-ae66a4a50118;633;yes
aa46ec82-d49f-4a83-81ac-35b294ac43f4;245;yes
b015f686-c30d-4597-acee-7dc0cdce3b5d;163;no
a613a251-917c-413a-a5e0-b10e6da6d1bd;98;no
cb61b7a0-f35c-483d-9b5e-49688bc26a7f;215;yes
e1ae97e8-0c66-4a10-bfdb-2adadccb2710;323;yes
14e662b6-8cd8-4d7f-8f68-df2868784045;270;no
2fe89da5-e317-4b1e-95ce-6803423b2e0d;303;yes
e774c09e-f773-4387-9726-c12bae16ae71;137;no
20539456-074e-4f6c-b609-3fbbbf94be22;47;no
194c9970-0e70-476e-932d-0074dca8c436;258;yes
1ccd90a6-8750-4b3d-8ddb-6f5cca6cd476;562;yes
37cd7fb8-2c1a-414f-a86e-c0dcc1ba9824;218;yes
ce8bc0ed-c2a7-49d1-aad6-b2827bfdc23c;178;yes
d1ffdee9-aa43-483a-9829-c1ff096d2ed3;174;yes
1c411dc1-564a-459c-bfc1-bb93f97f69c7;160;yes
8ab7b18d-67d4-489a-8cc2-4b4afa17d0f3;252;no
3212deab-4cc6-4fa9-8f71-f72b0f9d1a7f;366;yes
cae7e240-258e-49a4-9411-5a68ebc3a35f;177;yes
6d6ff35b-40e8-48d7-aea1-f7432913574a;101;no
acde32ee-cde6-4c0c-85f7-e0a32559e90d;744;yes
32f220b7-fc5f-4bc4-9827-baa91f81454c;245;yes
f986b36e-544e-40cb-8cbc-200253357a8a;239;yes
78673fa9-e009-4fbb-9716-387038bbeceb;6;no
cdd97a67-dcb7-4b45-97c7-94c21066049f;148;no
5aa7c5cd-5408-4edd-a6a1-ff211195d5ea;6;no
2b7eee13-c9d6-4452-b667-dec385a4fc3e;370;no
d8ccbbb5-98ac-40bc-ba3d-55d9143344f3;440;no
162833ad-5d1a-4ddc-9e73-463c9ddd33cf;145;no
3182776d-61d0-43d8-a2c1-38e8b77f7359;362;yes
7c4aa708-e4d7-4a30-9bdd-8a7408b00030;182;no
c5a64e69-e078-44fe-a02b-853a96f31a1b;195;no
7fe56f7c-158c-4934-95c5-760fa55d6eaa;361;no
e40673a8-3e1f-49cf-bd76-ee2feb6dda89;265;yes
803bab9b-d224-4b87-b027-eeeb3e4ddf03;324;yes
17e1c61a-dd06-4647-a89b-3e6c3f1f4b12;1087;yes
bc99807b-f23a-4f3e-9604-cb7fbaf54c09;242;yes
3cbd687d-19e7-4bb8-a426-d66b3d9cdf50;97;yes
726be8d5-e57d-4cad-9823-d273e32ffd92;11;no
b4f6accb-8d9e-4167-b6a3-ba7bd98e915c;273;no
27c859aa-8af3-4d0d-83a4-440cc14bce25;245;yes
7f615ee8-1cae-4c7e-8068-cef8dc00db4a;188;no
dc4e36cf-8a81-4619-bc6b-184121546e64;412;yes
5578f1bb-c9d9-44bd-b10d-2d29eedf7e4f;447;yes
294bf3ae-e534-4b8c-9f2c-e110e1492845;1064;yes
a49bd7a3-b249-45db-b702-ca4ff5336964;192;no
5ff815af-dc80-475c-91c5-6b1112a150ad;372;yes
c51f9099-c53f-47b3-8d61-6870d8c42744;122;no
186bae76-0415-4cdc-b647-845469e9764e;261;yes
23e99cee-e884-4bc7-a67b-f3902c36a03c;168;no
752463ad-4f82-4067-8d1b-c8fe6dd45e03;365;no
e1ea22e5-ff0e-4069-b1db-a8c5a0cd6314;164;yes
c5c2e3e3-a25b-4471-96ad-d91281b90b62;356;yes
e0a0edcf-d4df-4737-9729-94e78aafca2c;6;no
2e615cf0-f2ae-41a4-9ccf-2517a4c6a446;317;yes
e5ac7f0b-4d40-49e6-b88d-7280962657ce;244;yes
7b260b22-120d-488f-8efd-b63354477d38;170;no
5d5c2854-ce7d-408a-9875-f1d655d15169;1363;yes
481b29f9-e602-4171-9ae9-170040d87357;61;no
8f5ee685-5982-4cb9-b23c-d75270687382;425;yes
edb52e5f-ff3b-4b50-8f2d-f6b9588cd4ad;233;yes
69b0ec99-38a3-40d7-8145-50a1210bac37;237;yes
10518f77-10a6-43d3-a8ab-098cba815230;144;no
d5b698a6-a0f3-445e-935d-eac836c9fe2b;370;yes
ee932f66-5ccc-4d3f-b477-7d18792a81d2;248;yes
a9c8a003-2fd3-4f42-8b60-92d175d6ee45;443;no
ec3e1331-a34d-46ea-9087-5300b36063bb;765;yes
c871c979-85f5-4964-9fe1-88114c081297;222;yes
bbff4dbe-b9e6-42da-b644-1454f1b0c93e;176;no
4562e785-2a56-44c1-941b-dfd8794b7558;345;yes
a70603b2-1eb7-4314-839c-32c7dafc1c7f;295;yes
1905491e-c021-49f4-9c21-4bd8dc3f0109;192;no
2e5c3a5e-7804-4f3d-a906-1e0a866244bd;350;yes
cf99d4f8-2651-44d0-acea-7bb5bf3f76dd;176;no
b5997a34-cf17-4fda-8286-60a4920b2cb0;175;yes
9975a7e5-c871-47bc-80c1-7c43c09bad00;411;yes
d22409c7-a764-4206-b8eb-f44c3cd3374c;361;yes
fd9b58bc-c745-4c05-9177-9289b7f46871;1226;yes
53763ce5-3798-43c6-bfbc-0d96141c8b51;504;yes
f0d52ef7-6028-4190-807e-42c735506227;312;yes
f101367c-faab-48f4-abbf-b080bf6201a8;187;no
dd0ca6d7-dd91-46c2-abb5-270d64bc86fd;265;yes
c94ea727-f0f2-4d7e-b559-b8f1604ce007;126;no
f96be454-2965-416f-8f95-e5d1ce451676;18;no
e1d775b2-2b1c-431a-b37d-7b79475ba52d;201;yes
b4887a06-31fd-4eea-ab1c-dc4906758c55;157;no
ee9bb972-e76f-40cb-bfc8-2ae706af0937;261;yes
d446aa99-f201-4a1d-b320-8a3de23df06c;461;yes
8f88849f-5fe0-4755-a7fc-62c71340fd3e;222;yes
0042aab0-fc50-46a9-9374-aa5ae7b3cd8c;633;yes
6886c6eb-af40-4c41-94f1-9286a8539c15;308;yes
7871aecc-dbc4-4a0a-a3c8-5975c65436a1;183;no
10fb4a77-4703-476d-8691-85752b28bde8;394;yes
23ee38d8-b97b-4ef3-a44a-af7bd1add116;177;yes
21bc6d78-6b4b-4017-ad47-94a45ad8f0bd;75;no
84770911-f375-4d98-a79e-35c22ca3d73e;166;no
dc848e01-886a-420b-a868-bd11e5a3a67a;161;no
1b7e1f3e-7421-429f-806a-fcc379e55950;9;no
3665a59d-ffaf-463c-a84d-ff7d88aa6aa0;211;yes
227f0cd7-18c4-471a-9bfd-4da6195f55e3;12;no
f0e58b83-628f-4823-8191-bd4b78b694e9;318;yes
6e305757-59a4-4312-bd1a-0f906e245069;143;no
06f7a452-7472-4145-be0a-1cdb82d4813c;140;no
b727b9fd-1175-4164-801d-b479e007dc3c;239;yes
49e94a56-7dbc-4d25-bcd6-b3c08302d8d8;205;yes
8b9235a4-597b-4d2e-abc2-2a0cf37626db;111;no
0c4cd8d7-226b-477c-9993-3f96a2485460;200;no
c69430e6-a700-4976-bfff-a9f6be1ac741;2035;yes
e68b5df3-1813-434a-8fac-533dbad9d0aa;265;yes
48717a29-814d-4712-a9e7-7c658bb2f6dc;8;no
ac511e84-45c7-42c7-a413-ca74a249a059;6;no
4f77ab97-a442-494c-822e-8d0e029b151e;326;yes
e786fdac-abeb-4871-95aa-98d8969454b9;95;no
20e3817a-45ae-4cf7-b1ad-e52fafb526f3;171;no
8475469c-dc14-4815-b702-06ba37463b6c;212;no
44e9e5de-ebf9-455b-aa26-c3f3a8bdcec5;173;no
b927a608-6706-4fb4-a8d4-bf95a787c1e6;45;no
7a1eb2d0-4e0b-4c2e-9a63-f67eb3b6bc06;107;no
521c429b-3d81-479c-91f8-a8e5eb3c0d50;22;no
aef5323b-5c6a-4ddd-a530-12de2dc5a773;6;no
398298db-34ec-4c1b-80fb-3e97477aa7fd;4;no
57a2e62a-d03f-4fb2-a1bf-c955d0f5ecb2;5;no
482f676a-7992-445c-bb53-3f16e8064066;10;no
11554d53-0f55-419c-8f71-bb09f1db246a;220;no
a7a34b24-46c6-4872-9e73-4127744a8dc8;11;no
e3dd35a2-b98e-4432-9d47-9496df4a3a67;5;no
52e3c8ab-d806-472e-9faa-001e08eb32bc;26;no
7121d46e-79a0-43f4-8114-a713eb715dc2;6;no
45df5c41-53d5-446e-afd9-43f0455f0e95;5;no
670566ae-eddb-4008-afce-c14d0c2feb1e;17;no
e2eb2601-c9f3-426e-8611-e5ff468ccbc6;4;no
fb289b8f-67ef-4e08-b540-7ed042e6756e;3785;no
484d4859-c395-4e12-83d7-2a55c5e9b3bd;26;no
799f874e-9592-4b7c-9ca4-8e3757c0bb44;28;no
7277542c-db23-4599-9f87-af63b4461c4a;36;no
57d1d2b1-e4f5-4e0f-8f70-8c7fdd1f61e8;193;no
e410d086-9140-4187-b4f5-d054950d9209;343;yes
43aa0e9c-b5d9-4545-92b0-71229e6452bf;1120;yes
d1fff27a-8acd-4bf7-b459-efd86e7a4f6d;253;yes
97990c21-6a18-49bd-a456-994138452cdc;241;no
de56265c-fa98-4091-a37a-e78c72d59e4c;185;yes
f3f2cda0-abaf-446a-a192-467f3d05e9bd;443;yes
822d0f8d-c6a5-4da8-84f7-daa9550c8f6f;634;yes
9a14b676-2c77-4a1f-b75e-bdff0503e1bd;34;no
5e3017ec-881d-4883-a715-505137d4f1cb;298;no
631047a7-7b08-4f00-8999-a91e66899d94;27;no
381a99a2-64d0-4d0b-ba26-d52d1e2c89d5;415;yes
9f77f465-a5c3-4d0c-8993-8998d97a12a5;222;yes
bb47fc17-cdfc-498e-aeb5-bfdca2acb57f;1;no
90bb5580-606d-49d0-b693-edc75d5b7abe;161;no
2444ba03-59b6-4a8f-9993-960347bf320f;840;yes
f507f12b-37b7-4b22-b076-56675174778e;269;yes
cee0e802-5076-4e29-bfe3-f639fdba4832;729;yes
a0112ce2-df00-402f-a3d5-dc11fb440d36;300;yes
d311b59f-b998-4d64-8a4b-0fa5bfe735db;222;no
d2a64b52-b3c9-461d-bec3-d05b209ce465;481;yes
f076a4f2-6605-4ebd-8c23-22aab029fae1;222;no
81eb5f71-b6c4-4dd9-a4fd-d7f52c29eb2b;193;yes
e5438247-b652-4fbb-bc03-4d0047472776;327;yes
69f15d76-627c-4f2c-94eb-35d0cfafb60e;191;no
afa485ab-f4c7-4977-ab96-2105cec59046;663;no
7c41935a-3687-4158-98b9-e0adcfd9a2df;265;yes
d0493fa5-6a28-4836-9985-69fb1ef2b84d;380;no
574ccb5b-72b9-4ce9-91a1-1dce9a6cd4e4;691;no
11a3ce58-efd0-4728-9a05-cffb343a704b;95;no
a6eb39eb-0f33-4674-b6db-70a7e7391d83;367;no
77cee325-3251-4d48-a912-a433e96fa7ba;150;no
0252a4f7-14a2-4701-801e-ab2448a7db0c;369;yes
0644dba8-dcfe-4ce1-84aa-d871cfdf5db2;293;yes
b5f629bb-f6ef-44c6-920c-b117d0cdd501;532;yes
6614232c-ee19-407f-9922-9a4084416faa;425;no
0b1302d3-07d8-43fe-ac87-db0f84cddc30;232;no
b7c60c82-2b07-4667-ac6f-360c331421fb;20;no
2c3c89be-a5dc-400c-85a1-eb066812d85a;8;no
24c7c9c1-e8c7-4d66-9512-74581225101b;7;no
a0a9742c-b220-459d-8be3-cc9d633de195;10;no
0ca82804-3089-4496-bf53-c62b8e912dd3;4;no
a15fc82b-2e6c-4f54-8207-e67082023d0c;281;no
51403905-ef58-4795-a65b-3243da2be165;1440;yes
0d2f10d7-619b-4308-9afd-5110e76bf327;291;yes
2e62692f-061a-4ff4-b6fe-f301d90419b4;529;yes
96432c68-3de2-4276-a436-eaa7f28e1d50;128;no
9c22cc25-0327-4d58-ba05-64e343f22e9c;173;no
56783bc9-20b6-417f-a469-4c530663d8c0;362;yes
15a70a76-449f-472b-9515-f48a7f8a11e5;114;no
d6d96104-5399-4228-b8a6-427b1b464c01;97;no
0611acf1-7133-424e-a389-a60e4a0b7250;238;no
f5706fe2-da47-4439-9e6f-f648f1a0fb1c;154;no
e1defd03-8d0f-4ccd-8a5f-d078d06d92e7;799;yes
e3830ebc-3b5c-47ec-ba33-4451ed9120dc;404;yes
278fbbb1-dfaa-4726-9689-8fbdb7ee8bab;150;yes
6b0d12d2-5897-48c4-b025-44ebe1b1c665;206;no
1d1b28f2-390b-409b-a6e8-2b3fcfc75f21;270;yes
6498da44-8043-476f-b26f-2079f62ff1f2;116;no
9f51e199-7778-4e3a-a284-b4886fb41da4;110;no
7f317c72-37db-4ed2-952d-4f6b74ae14b0;277;yes
a3272ed1-8e2e-40b9-98b3-4ed01f6f4f75;251;no
e738228d-a66c-4a9b-939e-06b23ccd6571;240;no
350e024b-1e48-4f0c-a841-9344dcf2758b;252;yes
9266f1d6-e9ac-493a-9dd1-bbe1846fbedc;120;no
b8affdff-2c4f-420d-ada8-a61e7db486c0;789;no
2f007160-c6f9-42a0-89b1-f47967497363;126;no
12bad121-7c29-4c42-b0ef-dc5ab0da7e43;228;no
7a98d15d-c3d3-4949-9786-f5d7f1872da2;490;no
2e232bc9-4a71-4220-b729-65b7b75a79e5;219;yes
58f4f216-9e4b-413d-8a7f-2054022f7913;543;no
11499980-f355-42b7-bfc2-1bfd05105c3e;841;yes
800ff563-17db-4214-a7ec-d1b51d3c0dd1;387;no
2ea50a4f-8d19-45ab-a67a-81fe0e4f903b;131;no
6aacb56b-7704-4be8-8339-baa694aa947c;109;no
d7cd0391-d0e3-4713-af55-6e9414da7235;194;yes
5088093a-072e-4bd7-974c-ef824a319d3c;369;yes
c5197291-4fa2-4629-b7ea-0ca5c16ddf9b;36;no
ae84bf69-be34-432d-9bef-8840d7561836;255;yes
9a3524ac-3587-47b4-9eaf-7c4740b6bade;145;no
0bc4a96c-f630-47e3-8ec6-6f60b02a9919;127;no
1ed57180-d905-46ee-9524-e96e9e448404;198;no
2d29a0fc-332b-44aa-b188-649d489d671e;11;no
536da7eb-7ae7-4ac3-bf5f-fab02b781b46;136;no
028c18a4-7d68-4113-8a86-0cc05668d94b;113;no
d035e5a5-e54c-4176-b25a-6e4e3756f850;415;yes
19f454c3-4e2d-40fe-a940-f4238ac2e478;908;yes
5dc345b9-944c-404c-9be6-298602d305e2;250;yes
c98e5c6d-efb3-47de-90fe-1cbcc097c283;35;no
8a847761-b2df-465b-abe7-2f6113193f48;125;no
7947a71b-752d-408a-9f4c-3ff8d6b81920;213;no
174cad70-a4d4-4161-bbbd-5bc7790659b1;8;no
7200e89a-89da-48d6-b1a7-a0be7f8fc743;164;no
eada47b1-8c60-4d03-b963-9921dd0f0012;202;no
af802e10-1970-47d3-8973-4d632b9653f8;791;no
3432628b-12b8-46d0-9f21-65ae2f02bdfa;272;no
f05ea0ff-4038-4a78-be6d-038ade278137;667;no
1f8a03bc-8881-452b-8d11-c13793c6c957;728;yes
8275b826-bc3c-4e7d-90ca-c4eec97068d2;314;yes
0119e36c-cc55-4478-822e-3ad5f2b60e7f;11;no
24272e9a-d2a4-4950-b258-c84cedc64b4a;127;no
46bc822c-b12f-4d06-bf05-80c53cebb1a3;1394;yes
c3daefcc-9c11-43f1-98b3-6fbbc10f4ba1;386;yes
307d19a2-7583-4e5b-9a9a-7a113c10fb77;190;yes
416a077e-9e42-4757-82e9-e096ca8c1f26;337;yes
5d2736c7-6833-4ecf-863e-16b6177b1810;179;no
af62ebb3-d128-493c-a7bf-572dd1d1b7ba;355;no
f6895e2b-c997-44e3-b52b-73259bc59f1c;201;yes
63fad235-185d-451a-9061-38efd36a547a;120;no
2ed7ab65-ce39-469b-ac48-2e10a9cee5c4;332;no
09017cac-32e6-47fb-9bb3-25f477d55b55;288;yes
4fbbd5f3-434e-4939-a68f-6c31b1be23ae;638;yes
df7671d4-6dc3-4976-a366-d47592509f91;210;yes
031cdfd8-f1a9-4f7a-85e0-bf8bdf7be9c7;213;no
b95ee64c-d898-44b2-9eaa-0134edcee511;149;no
3d9a0833-b8eb-406c-abba-1c75e5063995;220;yes
93000029-4ee7-4c77-95c0-45125cde4ca8;127;no
1560e098-a242-4c4d-88c7-5d47d48bc883;210;no
ea42c987-4436-400d-82e0-5d316e037d12;630;yes
d88b5ed9-f648-445f-a87f-2c91895700af;830;yes
ad42cdb3-27c9-44fe-9497-6fa78d9763f8;708;yes
7ff085ee-4bd5-481c-bc3a-f3ad61a07a71;9;no
8069476f-02e7-45fb-92f0-7512ed05838a;358;yes
f8906498-5fc4-455d-beaa-8be5f4ace4ea;606;yes
099f52b7-9d75-4ad2-99ad-26d18b3bb465;1081;yes
65f73bcf-cd01-4425-9e6f-c1d910a6587e;9;no
0a4643bf-2727-403f-9ec5-b80aca32e369;378;no
253677f3-d0b3-4ffb-afd8-dbc82cb8fb97;284;yes
16b7f4a7-ebc0-42bf-9c60-9ecfaa682e73;405;no
b1938872-3ffc-457b-8414-eba51512eeb6;216;yes
dfeb27bd-75f0-4881-bf2b-0050615d7425;261;yes
2907dcad-cc54-4ad5-a233-6bab62c80890;1405;yes
b6af5ad9-4bb1-4799-8022-560a6eead07b;679;yes
7f018da3-aa39-4111-b76a-17b984a5726f;404;yes
5f4afb3a-84ba-4b65-9dfa-b0a32a3e1f0d;530;yes
0b3d2e7b-73b7-41d3-bb0d-f2cde4df3959;430;yes
d9b8c82d-3505-4fbf-812b-a098b1a75bd2;202;yes
ffbc632a-26e0-4508-a462-7ac09297e860;156;no
fc9c81de-75c1-47ee-98f1-0aeed266e122;209;yes
455858b0-c2ab-4c08-b527-4c7583fd9a74;761;no
3b2b2a20-7a38-4839-b2af-d5ab5365ad86;263;no
9069bf88-5e5e-4204-9e88-b3e5a3c4a906;305;yes
d5345d52-8648-47a7-8b88-dbec97b1469a;204;yes
9e8d4e75-8436-4f30-86e2-81b76899bc47;167;yes
136c6b2a-5cc3-4048-9b87-0f4718c7980b;386;yes
5b88a9eb-3db5-4779-84db-633a8cb60294;268;yes
b4ce25dd-e485-4f5e-998f-b8e3d05f891f;1;no
29c309eb-2ef5-4a9e-b70d-d51393a034ce;1042;yes
85a5b6d5-362d-4423-9051-2d1b25d4409e;110;no
b3ef7285-ccb3-419e-a661-56ec62eea596;211;yes
19fd1430-5292-42b9-9d95-9ee91adeef4b;255;yes
13c23c7d-88da-4894-b0ff-e781fef122d2;256;yes
6a28d509-c8a8-4b0f-aff3-5ce8fae57828;5;no
5e47b871-9de1-47b2-9260-40bb9ef9512a;69;no
9d7bba1c-5f19-409e-bfd8-8902a71f3427;175;no
1ea4d6b3-8118-46db-82d7-421739315fd0;303;no
e028e69f-7957-435f-b97a-3c2167aa8200;258;no
1dfbe0ff-b981-440b-89fe-afbe415a5ab0;157;no
c5f55ae5-3260-430b-a3be-f27fb856b37b;218;yes
1edac958-1fb1-4d1e-80d8-7526d706059c;502;no
8ba6e31d-f9c9-4b98-b359-e1220d33beb1;273;yes
402095fc-fb22-4702-9d89-d2ffcf84d367;81;no
3092a8cb-c236-4d74-981b-86007715dfa5;363;yes
b0be0bdd-9a9a-4b3d-a4f6-c43a31889eba;5;no
c5593dd6-9f0f-4b08-a7ee-3a7edfbf1ab2;5;no
9dd0b60d-42d6-46d7-90dc-b98a01799e60;10;no
14f1f67a-3c59-4b77-8390-ee0d7901be0a;13;no
bf2cf796-9142-45d1-b5f1-ef9860cb3649;57;no
fc63239d-e355-462c-a909-96811676b582;473;yes
f43111d5-e9fa-405a-8799-540989b87c20;275;no
53b105d7-1b33-40d6-812b-204b280f8e18;9;no
1a3e1961-0f2b-498d-9756-27b91f94173f;5;no
54f28004-4236-4de7-8f36-f10d723e10e5;706;no
816eaf4e-8700-479f-a53a-c02a4a782c60;333;yes
0cabd484-f602-4e8b-978c-c409aafcd2c5;358;yes
aa5bc401-f9c5-4273-ad94-2dbb966c9c25;279;yes
d37c0dc9-b105-4b11-86f0-c7e04734608c;221;yes
41166e2c-684e-44a2-adcf-1502823f8925;211;yes
7e3d19a3-a753-42bf-ae42-ccb3da34b916;6;no
8c71ed3e-581f-4235-bb53-211fc3e3cdef;409;yes
f74a96d5-f18f-4ec8-852e-d9e4a3b93d8f;230;yes
5c97d21e-13e2-45b1-b7ea-0bd95d18c7cb;194;yes
9113b084-844a-400d-9b3c-94395b06b785;404;yes
6ef47f07-0925-4ff4-b6e4-49aabba896b9;380;no
f5d2d6cb-5f93-4ce7-a40b-7c943479793b;808;yes
c3f51b9e-fab4-480e-91ff-3ec986e86b6b;407;no
cf7503dd-3576-4c47-a7d0-143afa745688;340;yes
2f4bdb7f-bbb5-4b5e-a17e-81df54a0ee6b;251;yes
890e23f1-c690-411a-bc85-e63783e8bf40;506;yes
510a01b5-7c8d-49a4-9a29-fd9087af3ed3;1640;yes
c35cd014-64ab-40a7-9050-cfb20987b0f5;396;yes
70960f52-79b4-46a0-b138-110f8ffa660e;331;yes
6e9e8a86-d5b5-478a-a88e-13d79063a508;161;no
e2431cd8-270c-471c-b097-3059309012c3;316;yes
748c5d0e-5595-45ad-a5b6-5f614b5eb9c2;200;yes
3167af8f-1834-44ed-b205-36e69ae22921;953;yes
1f19b8f3-f118-4fff-b176-82321a546640;173;no
0478183c-c42e-494a-9fe5-ea46057301b4;511;yes
b7b347cb-5c10-47cd-95db-190a0ffcd05b;110;no
21b007d2-2175-4c9a-bb3e-e07dd3154518;216;yes
a732ec8a-0667-4fea-83fc-7571bd60e3d2;213;yes
bdcac001-b36e-4cb7-b104-cc740d891098;214;no
342fe074-63bc-4970-a1b4-663a6dcb8c55;7;no
eef2b6ea-031f-49d2-b0b0-a0bfd1fa9591;161;yes
c360f02c-3795-47e3-8772-7e190a0d7c83;251;no
4e31166c-712a-4b9b-8e0f-4c566243a98f;173;yes
cd4b1213-9c36-4ee6-8245-319b57557511;225;yes
cb851021-3fb4-4dbe-9f14-566cd661dbf3;143;yes
49670872-ba8a-494a-a177-892b654e5d87;574;yes
e6bf10a7-6809-4b03-b7f4-eb83c5a35f29;228;no
570cd64c-3e80-4fa8-9268-b91a9d5378de;193;yes
65344cf8-a635-4eea-84b5-593856ce0986;463;yes
e350a826-a08a-4e05-880d-972822258d30;270;yes
9a2f9d53-b485-4bc9-8dcf-9e3d226b80ed;303;yes
220e71f2-e9a3-4fd1-9640-4371b066f10e;319;yes
f224e8a0-e6ff-4502-b89e-b12265de5850;190;yes
a153be0d-578f-4421-98f5-f4c690043354;234;no
fc59668a-8edf-4541-b530-489907370650;414;yes
98369f91-773c-4216-b869-c89ae56a2535;452;yes
054ee93b-99a2-47de-81fc-9afb526a937a;79;no
9018feac-98a8-4cf0-84bd-a448d0587984;147;no
d30ae7c0-cf39-4be6-be59-c09c6744a185;954;yes
e7b72da1-9a9d-4a47-9469-8d0ae89c3c50;327;yes
683e8b67-e234-46c6-b9c1-ccfc21908a28;1334;yes
4c4cd12c-111f-4f5e-9601-79e6fe9e2661;152;no
5a9e2da7-8053-4d48-8df7-db00b0535dde;294;yes
e92827ea-261a-4281-a675-74c362c32ebd;285;yes
4b5821d0-19b9-44f8-929e-e2f6190f963e;374;yes
a36c7ae7-57ca-41a7-bc5f-18ff64e9f969;164;yes
7d4afcf3-5465-45f9-bfd3-bef39f2c917b;328;yes
aa0e3530-77c6-4059-b810-510d993f3998;284;yes
bfb83dcf-a26c-457a-a8cf-bdbfb9e2db03;155;no
0d6f80b6-3582-42ca-97b4-0d99d2731f14;231;yes
8f93a551-41f0-461a-8a3c-985d7d4a4eeb;336;yes
c790b10d-5a27-47ba-8eaa-659fc871e498;185;yes
22540f06-9b40-4aa7-926e-1564d22df585;9;no
215fc3e5-21af-4e2e-8dfe-24c27bb285cb;6;no
e52b77dd-84a1-4dab-9318-a164bbc37d04;84;no
d0989a9b-c871-4159-ab2b-c9648d23cf3a;263;yes
9fb8e79f-5a89-4784-8bbf-10367d718171;175;yes
e18cd971-fdcf-4da1-85be-55edeeda39a4;208;yes
f4230d09-5832-4897-a1a1-cbce54cbe4d5;397;yes
ca6c81d0-6d42-467c-9c8e-5b7243c1b973;569;yes
570da3cd-7091-46f1-9b30-fbf8d94c6c26;155;yes
423a35c7-8f30-4378-b56b-eaa06d0d8403;183;yes
cdb84ed1-f646-4065-a1d7-b04946901cb3;182;yes
80846ea6-9d27-4059-8366-1c3974424a5c;396;yes
88103f16-c4b9-4b19-921f-b54c86aa11a5;718;no
fcc33dba-2721-4e1e-9360-13dd313c8c8c;62;no
14e25b04-3269-4d6f-aff0-e0dabae2d937;155;no
7c9b7ba3-9cbe-4068-8510-60e39c3509c1;318;no
f0a8896f-3e5b-429b-a17e-22ff75fa18e0;744;yes
d4ef83b2-7726-4857-b7f5-599012481ccc;261;no
a84a1e07-1ffd-4265-acb6-c1358685e0f3;180;no
9760d90d-cae8-4d59-8425-080d3a69c142;333;no
756dd953-af8d-4b22-94f8-afce09736d94;84;no
6e73c7fb-2b9c-43fd-bbcf-a9e29644bfa8;337;yes
be97687e-148d-455c-9b91-5676b5ad5e40;209;yes
7cff7858-a563-40eb-8e4a-1c525ab8fd55;409;yes
5bd5d655-809e-46ac-a6a7-0e021559c16f;145;no
755cc58d-8ca6-48f0-833c-b4c7390a53ed;156;yes
2fe9934f-d34d-42d3-afcb-53a9e4239eca;103;no
48e2d3f8-2778-49a3-9c73-2393c4f42865;244;yes
6dd626c5-b7c9-4a95-a16a-c3c561c0d691;317;no
e444510b-7636-4946-aefd-e302a65a3c1e;272;yes
3a71a05f-ee4c-48d2-a565-6c0a7da29296;447;no
1b446f5f-c387-4c69-b0f7-019481ebb7c3;112;no
2e2e473d-5619-475c-878a-6696bcd23409;390;no
f19c64ec-27de-4de6-b66b-ad5a2d1c1e49;217;no
eb2daeb4-c975-43c4-92cc-017844767a54;405;no
877f7a52-01ef-41e7-821f-7c8c36b8224b;150;no
dc7fd9a9-56e7-4e79-9576-503ded48bd5c;245;no
66cd39f3-38bc-41da-b759-c20148db7be0;272;yes
bc35f3b8-0f5b-4e6d-901b-889470a09fb0;134;no
fb851847-89e8-4a5a-9524-083fc5e69f08;133;no
0768a969-b349-4070-9c70-e549c70d5f69;173;yes
0606a18b-cb9b-41db-bf45-52e8452a5145;157;no
d828164e-8e26-44aa-be93-4e41b99236c7;349;no
d6c12e79-a0c9-459e-be25-730074f499a8;232;yes
2f2ea629-1c4c-41bd-82dd-5d35e2126015;224;yes
b554c34a-e0ce-482b-b7b6-50c2f1d630b9;246;no
1f02e327-3b98-4170-a0b8-864fc120a224;249;yes
f1e22625-3ef3-4def-9b9f-2b192cfbb5e6;395;yes
36ac6890-082b-44fb-9fcf-350b063ce01e;732;yes
074ea192-fc73-46b9-97f5-442ea75b40d5;618;no
d9106070-7320-4b66-84a3-797f7bddef20;19;no
27733cfc-8c7e-4ce2-a6fb-312b23d92389;6;no
0474df80-eedf-41d8-93b5-791cfebad908;262;yes
4ec1afd4-99e1-4b6e-925b-ba702af9edfd;157;no
ff628c00-7ad9-4969-b4f2-624cc0af1e9a;188;yes
fef3cde1-2d89-47ba-a7cd-77945948af72;169;no
8c2a625c-e6f7-4d1f-8d68-1f384a6913af;132;no
a386930f-7822-4ae4-9ba9-0b90ad0b1120;290;no
52125b3f-9dda-4905-aeea-1fad411b5fe2;156;no
1561c81d-1ac1-4b28-8f9c-e4df81276af9;379;no
81c6bf93-3554-4820-90f5-408aeb04f0c6;1616;no
5efce0af-7964-4025-aca3-b8747462b639;162;no
fcc9f04a-16fd-490d-88a7-6b175037ffbb;1298;yes
85ef1e20-a6a7-4acf-9e4a-326d8eeddda7;315;yes
4d85041a-621c-407c-ae97-36d6de33be66;990;no
79993754-229c-4e56-91b2-425bd480c008;6;no
4b88835c-3c1d-49da-95e8-8e7b96be1411;104;no
2697d848-ebf5-44ab-a877-ec90007f7750;237;no
4e5c2d8d-d493-410d-96a1-db9268c23d6c;282;yes
3a25298c-d9c9-4327-9bb8-672f4251a8ff;600;yes
9f1990ff-dd03-4429-9f8f-98e047bf4041;13;no
d296cd34-54e4-4e63-8065-14ebe4f4eb3f;21;no
b26129dd-e710-48c6-9dc8-a658f05da5e1;242;no
eadd5744-0bc9-4fe9-b968-2edde945966a;110;no
c49bccc7-7f74-455c-b5ad-c0461dff06b2;201;no
355a3b31-2553-4350-b8fa-2b008628e9b6;232;yes
a4efe208-e35c-4d72-9a4a-662eb7825680;245;yes
7763aa5f-3a56-431d-8d6b-40ff4839b2a3;211;no
22bb2c23-00c3-46f2-b2a1-f26eaecbbcaa;678;yes
571662a3-a5dd-4d39-a38b-8b179da25193;845;yes
